category,net_sales,orders,gross_profit,gross_margin
daily_goods,360432.02,1142,154512.99,0.4287
food,332228.07,1177,144593.96,0.4352
personal_care,261659.28,1154,101479.73,0.3878
stationery,138886.15,531,62929.93,0.4531
small_appliance,31731.010000000002,196,7420.360000000001,0.2339
