segment,users,net_sales,avg_orders
normal,299,353361.39,5.481605351170568
valuable,209,466024.64,7.923444976076555
core,90,305550.5,10.055555555555555
